,0,1,2,3,4,5
0,96 S,,XIXXXIIXXXXXXX,,,XXXXXXIXXIIIXXXXIXXXEIIXXX
1,564,,XXIXOIIIXXXXXXX,,,XXXXXXIXXIIIXXXXIXXXEIXXXX
2,,,XXXIXIIIXXXXXXIIIXXIXIXIXIIXXXIIXXXXIIXXXIII,,,XXXIXIIIXXXXXXIIIXXIXIXIXIIXXXIIXXXXIIXXXIII
3,,,IIXXIIIXXXXXXIXXXXXXIXIXIIXXXIIXXXHIIXXXIII,,,IIXXIIIXXXXXXIXXXXXXIXIXIIXXXIIXXXHIIXXXIII
4,,+,,,,XIXXIXXXFIIXXXIII
5,06,,IIXXIIIXXXXXXX,,,XXXXXXIXIXIIXIXIIXXXAIIXXXIII
6,88,,XIXXIIIIXIIIII,,,XXXXXXXIIIXIXIXIIIXXXIIIIIIII
7,IN,,,,,
8,86 L1,,XXIXXXXIXXXXXXX,,,XXXXXXXXAIIXIXII
9,1711,,XXIXXXXIXXNNNNSXXXXX,,,TITIIIIXIXIIIXXAIIIITII
10,,,XXIXXXXIXXXXXXa,,,XIIXXIXXFIIXIIIII
11,,,,Ssrrrt,Fa,
