,0,1,2,3,4,5,6,7,8,9,10,11
0,,Italy (I.N.N.),Italy (I.N.N.),,,,,,,,,
1,,Mean,Min-max,U.K.,,Germany,,,U.S.A.,Mean,,
2,Food,,Min-max,U.K.,Denmark,Germany,Sweden,Australia,U.S.A.,Mean,S.D.,c.v.(%)
3,"Tomato, cherry, raw",1.45,0.991.75,0.46,-,-,-,0.49,-,0.80,0.56,
4,"Tomato, cherry, canned",0.75,0.730.78,0.46,,,,,,0.80,,39
5,"Tomatoes, ripe, raw",0.53,0.420.78,0.62,0.99,0.82,0.54,0.29,0.39,0.61,0.24,39
6,"Tomato, puree, canned",0.53,0.450.62,1.30,0.73,1.24,0.96,1.55,0.41,0.96,0.42,44
7,"Tomato, pulp, canned",0.42,0.320.45,,,,,,,,0.42,
8,"Tomatoes, peeled, canned",0.40,0.280.49,0.22,0.35,0.61,0.54,0.35,,0.41,0.14,34
