,0,1,2,3,4,5,6,7
0,,,,Matching with original name,,,Matching with English-translated name,
1,Target,Item type,Threshold,Precision (%),Recall (%),Threshold,Precision (%),Recall (%)
2,orecision>=75%,Any,50,84.55,97.98,50,78.86,99.34
3,orecision>=75%,directly mappable,50,97.41,98.23,50,95.60,99.64
4,orecision>=75%,Others,85,77.31,57.19,84,76.85,55.12
5,orecision>=80%,Any,50,84.55,97.98,64,79.53,97.87
6,precision>=80%,directly mappable,50,97.41,98.23,50,95.60,99.64
7,orecision>=80%,Others,92,79.90,54.45,92,100.00,6.54
