,0,1,2,3,4
0,Uses,Form,Experiment,Major findings,References
1,Spirit,,"Volatile profiles of raw spirits of different cereals,including triticale,were",Overall 100 compounds were detected in the raw spirits.Chemical markers were found to,Biernacka and
2,,,profiled by GC-MS,,Wardencki (2012)
3,Spirit,,Electric nose of ultra-fast gas chromatography coupled with statistical analysis,Electric nose plus discriminant function analysis and soft independent modelling of class,Wisniewska et al.(2016)
4,,,was used to differentiate raw spirits based on botanical origins,analogies were successfully employed to differentiate the botanical origins of 19 spirits from,
5,,,,"rye, triticale, wheat, and maize",
