,0,1,2,3,4,5,6
0,Name of wild plants,Family,TPC(mg GAE/g DW),TFC2(mg QE/g DW,DPPH radical inhibition,TEAC3 (umol Trolox/g,FRAP4 (mol Fe(2+)/g
1,,,,,(%),DW),DW
2,Blumea lacera (Burm.f.),Asteraceae,95.231.35d,59.870.93d,75.111.30,240.173.26,262.912.35
3,DC.,,,,,,
4,Erythrina variegata L,Fabaceae,170.332.18a,53.42  1.23e,89.27 1.49a,738.414.38a,845.875.37a
5,Berberis aristata,Berberidaceae,135.563.26,82.050.78,78.03  1.26d,355.67  2.42d,413.25  4.28d
6,Sesbania sesban (L.) Merr,Fabaceae,167.66  2.37a,97.161.38,86.13  1.53b,650.76  5.40b,705.47  6.24b
7,Hygrophilla schulli,Acanthaceae,148.05 3.21b,87.12  0.86b,80.102.13c,436.58  2.32c,565.23  4.87c
