,0,1,2,3
0,Protein,Peptide,Position,Publications
1,Cor a 8 (Q9ATH2),AVNDASR,57-63,
2,Cor a 9(Q8W1C2),LNALEPTNR,43-51,Planque et al.2017);Sealey-Voyksner et al.2016
3,,HFYLAGNPDDEHQR,195-208,
4,,ADIYTEQVGR,341-350,"Bignardi,Elviri,Penna,Careri,and Mangia2010);Bignardi et al.2013;Gu et al.2018);Heick et al."
5,,,,"2011;Pilolli et al.2017,2018;Planque et al.2019,2017)"
6,,EGLYVPHWNLNAHSVVYAIR,377-396,
7,Cor a 11 (Q8S4P9),LLSGIENFR,92-100,Ansari et al.2012);Costa et al.2014)
8,,ILQPVSAPGHFEAFYGAGGE DPESFYR,175-201,
9,,ALSQHEEGPPR,241-251,
