,0,1,2,3,4,5,6,7,8,9,10,11,12
0,Name of wild plants,Gallic acid,Catechin hydrate,Vanillic acid,Caffeic acid,Epicatechin,p-coumaric acid,p-coumaric acid,Rutin hydrate,Ellagic acid,Myricetin,Kaempferol,Quercetin
1,Blumea lacera (Burm.f. DC.,1.890.12,12.76  1.22cd,9.400.70,5.560.31b,5.450.60,3.090.18,3.090.18,26.33  0.77b,nd,1.240.18,nd,nd
2,Erythrina variegata L.,3.250.75bc,76.54  3.42a,8.06  0.82a,9.281.50,8.670.94a,nd,,24.671.10b,480.2715.50,4.57 0.2gb,1.510.11,10.151.05
3,Berberis aristata,2.850.02bc,7.781.18d,0.890.05,nd,0.950.01,18.41,0.31,64.232.87a,nd,nd,nd,1.190.03
4,Sesbania sesban (L.) Merr,4.12  0.52b,15.552.25,2.220.32,1.50  0.05d,1.590.10,nd,,0.850.03,83.39  4.22b,40.75  2.45a,1.190.31,4.160.80b
5,Hygrophilla schulli,6.831.14a,53.05  4.45b,4.86  0.92b,3.630.03,8.25  1.03a,8.69  0.89b,8.69  0.89b,4.230.64,nd,nd,nd,nd
