,0,1,2,3,4,5,6,7,8,9,10,11
0,Nutrients,Stem,,,Leaves,,,Seed,,,Flower/ calyces,
1,,KFRawa,KDRawb,RRaw,KFRawa,KDRawb,RRaw,KFRawa,KDDefattedcd,RDRawe,KFRawa,RFRawf
2,Composition (%),,,,,,,,,,,
3,Moisture,25.80,-,,11.50,-,-,8.10,9.34,6.75,26.00,86.08
4,Crude protein,4.70,5.21,,24.00,17.62,,30.20,26.19,27.78,4.90,2.95
5,Crude fiber,37.40,-,,13.00,-,,10.40,57.09,21.85,3.40,2.59
6,Crude fat,0.60,-,,4.20,,-,22.00,0.73,21.85,3.50,0.90
7,Ash,5.50,3.91,,6.30,8.89,,5.20,6.65,6.20,6.20,1.09
8,Nitrogen free extract,14.80,-,,38.60,-,,23.30,-,21.25,55.70,6.21
