,0,1,2,3,4,5,6,7,8,9,10
0,Pathogens,Ga,Strain source,B.persicum,,Cu.cyminum,,Ca.copticum,,Cpb,Aac
1,,,,MIC,MBC,MIC,MBC,MIC,MBC,MIC,MIC
2,,,,mg/ml,mg/ml,mg/ml,mg/ml,mg/ml,mg/ml,mg/ml,mg/ml
3,S.aureus,+,ATCC 25923,0.75,0.75,0.75,1.50,0.06,0.06,0.09,1.0
4,B.cereus,+,ATCC 11778,0.18,0.18,0.37,0.37,0.03,0.03,0.02,1.0
5,L.monocytogenes,+,ATCC 19112,0.75,0.75,1.50,1.50,0.25,0.25,0.12,1.0
6,E.coli O157:H7,,ATCC 700728,1.50,1.50,3.0,3.0,0.25,0.50,0.18,3.0
7,S. enteritidis,,RITCC 1624d,3.0,3.0,3.0,3.0,0.50,1.0,0.18,3.0
