,0,1,2,3,4
0,Method,Sequences,Length,Target fragment (bp),"Position in the target sequence (length,2674 bp)"
1,,,(bp),,
2,SRCA/PCR,FWP:5'AAGAAAGGCTCCGAAGAAGA3',20,77,1637-1656
3,,RVP:5'TTGTTAGAAAGATCGGGCTC3',20,,1694-1713
4,LAMP,F3:5'GGGAGGGTTTCTCCACTGA3,19,,97-115
5,,B3:5'AGTGTGTCCTCGAGGATCA3',19,,309327 (B3c) a
6,,FIP:5'GCGCAGGGGTTCTCTGTTTTCT(F1c)-ATCCTTGTCCTGGCTTCAGT(F2),42,,185-206 (F1)b
7,,3',,,130-149(F2
8,,BIP:5'TGCCTCCAGAGTTGTCAACAGG(B1c)-CATACTCGAGCTTGGTGCA(B2),41,,214-235B1c
9,,3',,,274292 (B2c)c
