,0,1,2,3,4,5,6
0,Food-borne pathogen bacteria,Disc-diffusion method(DD(mm),Disc-diffusion method(DD(mm),,,,
1,,Laurel essential oil,Laurel nanoemulsion,Tween 80,Tetracycline(2),Streptomycin(3), Neomycin(4)
2,"Staphylococcus aureus ATCC 29,213",10.750.25c,15.00  0.91b,R,20.38 0.63a,15.13  0.63b,19.750.50
3,"Enterococcus faecalis ATCC 29,212",10.500.58,11.250.50,R,30.50  0.41a,R,6.25  0.29c
4,Salmonella paratyphi A,27.88  0.63a,R,R,23.38  0.75b,16.50  0.91d,21.00  0.71c
5,NCTC13,,,,,,
6,"Klebsiella pneumoniae ATCC 700,603",17.250.65,7.75  0.65d,R,27.00 0.91a,10.75 0.50,24.00  0.82b
