,0
0,"Acquisition of skills (analytical skills,quality assurance"
1,Development of new analytical methods
2,Use of advanced equipment not available at own laboratory
3,Joint analyses of samples in a standardised way
4,Applying data sets to specific statistical or nutrient database tools
5,Establishment of on-line version of an existing nutrient database
6,Formulation of standards for methods and quality assessment
7,Design of joint protocols for new integrated research activities
8,Development of e-learning modules
