,0,1,2,3,4,5,6,7,8,9,10,11,12,13,14
0,,Lists of major threats to Sele-Nono forest,Key informants (coded A-J),,,,,,,,,,,,Rank
1,,,,A,B,,D,E,F,,H,-,,Total,
2,Agricultural land expansion,Agricultural land expansion,,7,6,7,7,,5,,7,6,,66,1st
3,Selective removals,Selective removals,,6,7,5,3,6,6,6,6,7,5,57,2nd
4,Forest thinning,Forest thinning,,5,,6,5,4,7,5,4,5,6,52,3rd
5,Settlements boundry expansion,Settlements boundry expansion,,4,4,4,6,5,3,4,5,3,4,42,4th
6,Road development,Road development,,3,1,2,4,1,2,3,3,4,1,24,5th
7,Over-grazing,Over-grazing,,2,3,1,2,3,4,1,2,1,3,22,6th
8,Fire,,,1,2,3,1,2,1,2,1,2,2,17,7th
