,0,1,2,3,4
0,,Target,NCBI,Primer sequence,Product
1,,gene,RefSeq ID,Primer sequence,"Size,bp"
2,Th1 cytokines,Th1 cytokines,,,
3,IFN-Y,,NM 205149.1,F: 5'-AAGTCAAAGCCGCACATCAAACA-3',130
4,,,,R:5'-GGATTCTCAAGTCGTTCATCGGG-3',
5,IL-2,,NM 204153.1,F:5'-TCTGCAGTGTTACCTGGGAGAAG-3,139
6,,,,R:5'-TCCGGTGTGATTTAGACCCGTAA-3,
7,Th2 cytokines,Th2 cytokines,,,
8,IL-4,,NM 001007079.1,F:5'-GCTCTTATGCAAAGCCTCCACAAT-3,130
9,,,,R:5'-CGTGGGACATGGTGCCTTGAG-3,
10,IL-13,,NM 001195791.1,F:5'-CCTGCACGGCATGACGAACT-3',97
11,,,,R:5'-GTACAGCGCCTGGGTGTAGT-3',
12,Th17 cytokines,Th17 cytokines,,,
13,IL-17A,,NM 204460.1,F:5'-CCGATCCCTTATTCTCCTCTGTTCA-3,84
14,,,,R:5'-CTTCCCATGTGCAGAAATGCTGG-3,
15,IL-22,,NM_001199614.1,F:5'-CTAGAATCACAGCAAAGCGCTG-3',125
16,,,,R: 5'-AGCAACAACAGCAGAAGACAACC-3',
17,Inflammatory cytokines,Inflammatory cytokines,,,
18,IL-13,,NM 204524.1,F:5'-CCTCTGCCTGCAGAAGAAGCC-3',141
19,,,,R:5'-CTCCGCAGCAGTTTGGTCATGG-3,
20,IL-6,,NM 204628.1,F:5'-CAGGACGAGATGTGCAAGAAGTT-3,137
21,,,,R:5'-GTCAGGCATTTCTCCTCGTCGAA-3,
22,TNF-,,MF801626.1,F: 5'-GAAGGAACAAATTGGTGGTCCCC-3',141
23,,,,R:5'-GGACGTCTTTGGGGTACTCCTC-3,
24,Anti-inflammatory cytokines,Anti-inflammatory cytokines,,,
25,IL-10,,NM 001004414.2,F:5'-CGTTCGAGAAGATGGATGAGAACG-3,97
26,,,,R:5'-CTCCTCCTCATCAGCAGGTACTC-3,
27,TGF-1,,NM_001318456.1,F:5'-GATGGACCCGATGAGTATTGGGC-3',124
28,,,,R:5'-GGGACACGTTGAACACGAAGAAG-3',
29,Intestinal antibacterial proteins,Intestinal antibacterial proteins,,,
30,AvBD10,,NM_001001609.2,F:5'-AAACTGCTGTGCCAAGATTCCG-3,88
31,,,,R: 5'-CTCAAGGCAGTGGAAATGTTGCT-3',
32,AvBD12,,NM_001001607.2,F:5'-TCCCTGCTCGCTCACGGAAG-3,131
33,,,,R:5'-CAGCAGAGAATGACGGGTTCAAA-3,
34,DEFB4A,,NM 204992.2,F:5'-TCATCTAATATCCGCAGCTCAGCA-3,106
35,,,,R:5'-GGCGAAGACAACCCTGGAGAA-3',
36,Lyz,,NM 205281.1,F:5-TGGGGAAAGTCTTTGGACGATGT-3,103
37,,,,R:5'-TTTGCAACACACACCCAGTTTCC-3',
38,Muc2,,JX284122.1,F:5'-TGCTCACACTTGGAAGTCAGCAGCC-3',138
39,,,,R:5'-TCCATGGAGTCTGCAGGAGCACTGG-3,
40,Tight-junction proteins,Tight-junction proteins,,,
41,Claudinl,,NM 001013611.2,F:5'-ATGAAGTGCATGGAGGATGACCA-3',88
42,,,,R: 5'-GTGCTGACAGACCTGCAATGATG-3',
43,Claudin5,,NM 204201.1,F:5'-GATCTTTGTGCCCTGGCTCCAGCAC-3,132
44,,,,R:5'-TGCTCAGCAAGAAGGCCACGAAGC-3,
45,E-cad,,NM 001039258.2,F:5'-TGAATAGGCAGCCCTCGTCCCCTTG-3,130
46,,,,R:5'-GGAGGGATGCGAGTGGTGGATCCAA-3',
47,Occludin,,NM 205128.1,F:5'-TGTGCTGAGATGGACAGCATCAA-3',101
48,,,,R:5'-TCCTCTGCCACATCCTGGTATTG-3,
49,ZO-1,,XM_015278975.2,F:5'-TACCTGACTGTCTTGCAGATGGC-3,91
50,,,,R:5'-ATGGAGTTACCCACAGCTTCCTC-3,
51,LPS signaling pathway,LPS signaling pathway,,,
52,LITAF,,NM 204267.1,F:5'-ACCCGTAGTGCTGTTCTATGACC-3,140
53,,,,R:5'-CTATGCACCCCAGCAGGAAGAG-3,
54,PTP4A3,,XM 004940067.3,F:5'-CATCATCCTTCTCTTGTCCCACC-3,148
55,,,,R:5'-GCACCATACTTCTTCAGATCCTCC-3,
56,TLR2A,,NM 204278.1,F:5'-CAACGGTCATCTCAGCTACACCA-3,134
57,,,,R:5'-CCTGTCTCAGGGCTTGTTCTTCA-3,
58,TLR4,,NM_001030693.1,F:5'-CCTGCTGAAATCCCAAACACCAC-3,132
59,,,,R:5'-TGTATGGATGTGGCACCTTGAAA-3',
60,House-keeping genes,House-keeping genes,,,
61,B2M,,NM 001001750.3,F:5'-GCAGTACTCCGACATGTCCTTCA-3,150
62,,,,R: 5'-AACTCGGGATCCCACTTGTAGAC-3',
63,HPRT1,,NM 204848.1,F:5'-TGGGATATCGGCCAGACTTTGTT-3,137
64,,,,R:5'-TTTGTACTTCTGCTTCCCCGTCT-3,
65,,,,Primers were designed using Primer-BLAST (www.ncbi.nlm.nih.gov/tools/primer-blast). All primers were confirmed to be,
