,0,1,2,3,4,5
0,SVP,Unit,"SC, Control","SC, Stress","DC, Control","DC, Stress"
1,"L shoot,FW",g/plant,15576a,6314 b,6922 b,5530 b
2,"L leaves,FW",g/plant,570108 a,238 62 c,424  72 b,323 71 c
3,Total L leaf A,m2/plant,2.47  0.50 a,1.22  0.18 c,1.9  0.28 b,"1.51  0.35 b,c"
4,Total leaf A,m2/plant,"7.84  0.54 a,b",6.55  1.17 b,8.13  0.52 a,7.77  0.71 a
5,Aper leaf,cm2,245  5.6 a,232  29 a,19316 b,187 24 b
6,Leaf A/g fruit,cm2/g,13.1  1.6 a,10.6  1.3 a,10.1  2.7 a,10.0  2.4 a
7,Yield,Kg/plant,6.05  0.96 b,"6.18  0.37 a,b",8.33  1.39 a,"7.94  1.36 a,b"
