,0,1,2
0,mes,Future Research Directions,Related I
1,,Investigating the opportunities and challenges of vocabulary,
2,,recommendation tools in IoT-enabled ecosystems,
3,,Examining potential solutions for facilitating the standardization efforts,
4,of Things,for semantic interoperability in IoT environments,[166
5,of Things,"Exploring the role of emerging technologies (e.g., Schema.org) to solve",[166
6,,the intrinsic complexity of the semantic web,
7,,Investigating the collaboration between academics and practitioners for,
8,,the development of IoT ontologies that enable intelligent interoperability,
