,0,1,2,3
0,Treatment category,Disease index*,Plant height (cm)**,Yield (t/ha***
1,Uninoculated negative control,12.340.41b****,41.082.14b,21.641.37b
2,Pathogen inoculated control (Sclerotium rolfsii,57.053.17e,31.261.19a,11.530.63a
3,Stenotrophomonas maltophilia PPB3+S.rolfsii,17.341.51c,47.583.08c,27.871.45c
4,,(-69.61%)*****,(52.21%,(141.72%)
5,Bacillus subtilis PPB9+S.rolfsii,23.831.11d,44.092.46b,20.811.15b
6,,(-58.23%),(41.04%),(80.49%)
7,Provax 200+ S. rolfsii,9.780.33a,42.892.63b,22.921.89b
8,,(-82.86%),(37.20%),(107.46%)
