,0,1,2
0,Genes,Gene ID,Reverse primers (5'-3)
1,a-AM,101245586,Forward:CCA CGG GAT CAA ATC GGT T
2,,,Reverse:CCA ATCAAGCCGGTC ATCAG
3,B-AM,100736451,Forward:CCA TCG CCC AAA TGC TTGR
4,,,Reverse:GCC ACC TGCCTA ACC AACTTC
5,SISus2,543961,ForwardCCGGACTTGTTGAGTGGT
6,,,ACG
7,,,Reverse:TCC TTC GAT CTC CGC CAA C
8,SISus3,543731,Forward:CTG CGG TTTGCCTAC ATT TG
9,,,Reverse:AGCCTG CTCGCC ATG GTA T
10,SISPSI,543516,Forward:AAG CTA CTCGGA GTCCGCAG
11,,,Reverse:CGTTCTTGACGGCGTTTTG
12,SISPS2,101055611,Forward:GGC ACG GAG AGA AGCAAC
13,,,TG
14,,,Reverse:CATCGCATC CACAGA GCT
15,,,GAC
16,SISPS3,101055573,Forward:TGCATG GATTGG TCC GAG GT
17,,,Reverse:ACG CGA TTT GGC GAGTGA AC
18,SIAI,543992,Forward:ACG GGCCGG GTG TAA AG
19,,,Reverse:GGG TTA TCG GGTGTC CATTTG
20,SINI,101251950,Forward:TGTTAC AGT CCA GGG CAA GG
21,,,Reverse:CAC CAC AAG CCT GAGTCA
22,,,ACAG
