,0,1,2
0,Technique,LOD (mg/dm3),Reference
1,Differential pulse voltammetry with Pt electrode,15.32,Pisoschi et al.2011
2,Differential pulse voltammetry with carbon paste working electrode,3.52,Pisoschi et al.2011
3,Voltammetry with glassy carbon electrode modified with carbon nanotubes within a,0.53,Sartori and Fatibello-Filho(2012)
4,poly(allylamine hydrochloride)film,,
5,Differential pulse voltammetry with glassy carbon electrode,0.09,Yilmaz et al.2008
6,Chronopotentiometry with glassy carbon electrode,0.02,This work
