,0,1,2
0,Common name,Scientific name,Principal carotenoids
1,Bocaiuva,Acrocomia makayayba,-Carotene
2,Buriti,Mauritia vinifera,"-Carotene,-caroteney-carotenezeaxanthin"
3,Caja,Spondias lutea,"-Cryptoxanthin,zcinoxanthin"
4,Loquat,Eriobotrya japonica,"-Carotene,-cryptoxanthin"
5,Mamey,Mammea americana,"Violaxanthin,-carotenc,-apo-8-carotenol"
6,Marolo,Annona coriaceae,B-Carotene
7,Peach palm,Bactris gasipaes,"-Carotene,-carotene,y-carotene"
8,Pitanga,Eugenia uniflora,"Lycopene,-cryptoxanthin,rubixanthin,-carotene"
9,Piqui,Cariocar villosium,"Zeaxanthin,-cryptoxanthin"
10,Tree tomato,Cyphomandra betacea,-Cryptoxanthin-carotene
11,Tucuma,Astrocaryum vulgare,"B-Carotene,-carotene,B-zeacarotene"
12,Wild edible leaves,,"Lutein.-carotene.violaxanthin,neoxanthin"
