,0,1,2
0,Cooking method,Description,
1,Boiling,,Water was added to the cut pieces at the ratio of l:l(w/w and cooked in a closed stainless steel vessel for exactly 30 min
2,,Water was discarded after boiling,Water was discarded after boiling
3,Pressure cooking,"Cut pieces were cooked in a pressure cooker (Hawkins,India) for exactly 15 min","Cut pieces were cooked in a pressure cooker (Hawkins,India) for exactly 15 min"
4,Baking,Cut pieces were wrapped in aluminum foil and baked in a hot air circulation oven at 180C for 45 min,Cut pieces were wrapped in aluminum foil and baked in a hot air circulation oven at 180C for 45 min
