,0,1,2,3,4,5,6
0,Mushroom species,Total polysaccharide,Glucan content (g/100 ga,,,Total phenol content,Total protein content
1,,content(g/100g),,,,g/100 g,(g/100 g)
2,,,Total,a,B,,
3,G.applanatum,63.5  1.2 cb,22.4  0.5 D,6.4  0.4 A,16.0  0.5 C,4.7  0.2 A,3.9 0.4 B
4,G. lucidum,56.6  0.7 D,47.1 0.6 A,5.7 0.1 B,41.4  1.4 A,3.3  0.2 B,2.7  0.3 C
5,L. edodes,78.2 1.7 B,42.6  0.2 B,1.4  0.2 D,41.20.5 A,1.2 0.0 D,5.2 0.1 A
6,T.versicolor,83.9  0.9 A,36.3  0.7 C,2.9  0.1 C,33.4  0.8 B,1.8  0.1 C,3.9  0.3 B
