,0,1,2,3,4,5,6,7,8
0,,Sample 1(high carotenoid content),Sample 1(high carotenoid content),Sample 1(high carotenoid content),,Sample 2(low carotenoid content),Sample 2(low carotenoid content),Sample 2(low carotenoid content),
1,,Lutein,Zeaxanthin,Diatoxanthina,Alloxanthin,Lutein,Zeaxanthin,Diatoxanthina,Alloxanthin
2,1st Step,88.4%,85.6%,82.3%,90.2%,73.2%,55.7%,70.2%,74.8%
3,2nd Step,7.8%,10.5%,11.2%,8.1%,22.3%,31.1%,29.8%,20.6%
4,3rd Step,2.2%,3.9%,3.9%,1.1%,4.5%,13.2%,0.0%,4.6%
5,4th Step,1.6%,0.0%,2.6%,0.6%,0.0%,0.0%,0.0%,0.0%
6,5th Step,0.0%,0.0%,0.0%,0.0%,0.0%,0.0%,0.0%,0.0%
7,Total content (ng/g fillet),69.1,65.7,-,87.0,25.5,18.0,-,30.6
