,0,1,2,3,4,5,6,7,8,9,10
0,Cultivar,"22 August, 2011",,,,,"25 August, 2011",,,,
1,,Total AsA,Free AsA,DAsA,FC,Fast BBB,Total AsA,Free AsA,DAsA,FC,Fast BBB
2,Albion,160Aa,109Ba,51Aa,0.46Ba,0.79Ba,126Ab,95Aa,31Ab,0.20Ab,0.65Ab
3,Monterey,182Aa,131Aa,31Ba,0.29Aa,1.02Ba,123Aa,111Ab,36Ab,0.23Ab,0.62Aa
4,Portola,114Ba,83Ba,31Ba,0.41Aa,0.79Ba,123Aa,103Aa,20Ab,0.20Ab,0.43Bb
5,San Andreas,148Aa,105Aa,43Ba,0.54Aa,0.99Aa,126Aa,101Aa,26Ab,0.21Ab,0.56Bb
6,Seascape,136Ba,100Ba,36Ba,0.58Aa,0.90Aa,134Aa,106Aa,28Ab,0.24Ab,0.52Bb
