,0,1,2,3,4,5,6,7,8,9,10,11
0,,Minerals,CA,P,MG,K,NA,FE,MFP_FE,ZN,CU,MN
1,,,mg,mg,mg,mg,mg,mg,mg,mg,mg,mg
2,1006,"Coffee with milk, without sugar",0.1,0.1,0.0,0.1,0.1,0.0,0.0,0.0,0.0,0.0
3,1004,"Coffee without milk, with sugar",0.2,0.2,0.0,0.3,1.8,0.0,0.0,0.0,0.0,0.0
4,1005,Coffee with milk and sugar,48.1,38.7,5.6,67.6,23.5,0.1,0.0,0.2,0.0,0.0
5,1008,Groundnut cluster,59.6,248.3,107.2,452.9,12.0,3.1,0.0,2.1,0.7,1.3
6,1007,Halwa,24.2,47.1,24.5,62.4,75.9,0.5,0.0,0.1,0.1,0.2
7,1003,"3 Tea with milk, without sugar",0.2,0.2,0.0,0.3,1.8,0.0,0.0,0.0,0.0,0.0
8,"1001 Tea without milk, with sugar","1001 Tea without milk, with sugar",0.1,0.1,0.0,0.1,0.1,0.0,0.0,0.0,0.0,0.0
9,1002 Tea with milk and sugar,1002 Tea with milk and sugar,47.3,37.9,4.5,57.6,22.6,0.0,0.0,0.2,0.0,0.0
