,0,1,2,3,4,5,6,7,8
0,,Macronutrients,FASAT,FAMS,FAPU,CHOLE,FIB,SUCS,PHYTAC
1,1006,"Coffee with milk, without sugar",1.0,0.5,0.0,5.8,0.0,0.0,1.7
2,1004,"Coffee without milk, with sugar,",0.0,0.0,0.0,0.0,0.0,9.5,0.0
3,1005,Coffee with milk and sugar,1.0,0.5,0.0,5.8,0.0,1.0,1.7
4,1008,Groundnut cluster,4.3,15.2,9.8,0.0,5.6,57.3,1129.6
5,1007,Halwa,16.9,10.4,1.9,68.3,1.1,39.1,206.4
6,1003,"Tea with milk, without sugar",1.0,0.5,0.0,5.8,0.0,0.0,0.0
7,1001,"Tea without milk, with sugar",0.0,0.0,0.0,0.0,0.0,9.5,0.0
8,1002,Tea with milk and sugar,1.0,0.5,0.0,5.8,0.0,1.0,0.0
